{
  "key": "S3",
  "gridSize": {
    "rows": 13,
    "cols": 13
  },
  "capitol": {
    "id": "CAP-G7",
    "coordinates": "G7"
  },
  "strongholds": [
    {
      "coordinates": "A1",
      "level": 1,
      "resourceType": "Mithril",
      "resourceValue": 100
    },
    {
      "coordinates": "B1",
      "level": 1,
      "resourceType": "Mithril",
      "resourceValue": 100
    },
    {
      "coordinates": "C1",
      "level": 1,
      "resourceType": "Mithril",
      "resourceValue": 100
    },
    {
      "coordinates": "D1",
      "level": 1,
      "resourceType": "Mithril",
      "resourceValue": 100
    },
    {
      "coordinates": "E1",
      "level": 1,
      "resourceType": "Mithril",
      "resourceValue": 100
    },
    {
      "coordinates": "F1",
      "level": 1,
      "resourceType": "Mithril",
      "resourceValue": 100
    },
    {
      "coordinates": "G1",
      "level": 1,
      "resourceType": "Mithril",
      "resourceValue": 100
    },
    {
      "coordinates": "H1",
      "level": 1,
      "resourceType": "Mithril",
      "resourceValue": 100
    },
    {
      "coordinates": "I1",
      "level": 1,
      "resourceType": "Mithril",
      "resourceValue": 100
    },
    {
      "coordinates": "J1",
      "level": 1,
      "resourceType": "Mithril",
      "resourceValue": 100
    },
    {
      "coordinates": "K1",
      "level": 1,
      "resourceType": "Mithril",
      "resourceValue": 100
    },
    {
      "coordinates": "L1",
      "level": 1,
      "resourceType": "Mithril",
      "resourceValue": 100
    },
    {
      "coordinates": "M1",
      "level": 1,
      "resourceType": "Mithril",
      "resourceValue": 100
    },
    {
      "coordinates": "A2",
      "level": 1,
      "resourceType": "Mithril",
      "resourceValue": 100
    },
    {
      "coordinates": "B2",
      "level": 2,
      "resourceType": "Mithril",
      "resourceValue": 120
    },
    {
      "coordinates": "C2",
      "level": 2,
      "resourceType": "Mithril",
      "resourceValue": 120
    },
    {
      "coordinates": "D2",
      "level": 2,
      "resourceType": "Mithril",
      "resourceValue": 120
    },
    {
      "coordinates": "E2",
      "level": 2,
      "resourceType": "Mithril",
      "resourceValue": 120
    },
    {
      "coordinates": "F2",
      "level": 2,
      "resourceType": "Mithril",
      "resourceValue": 120
    },
    {
      "coordinates": "G2",
      "level": 2,
      "resourceType": "Mithril",
      "resourceValue": 120
    },
    {
      "coordinates": "H2",
      "level": 2,
      "resourceType": "Mithril",
      "resourceValue": 120
    },
    {
      "coordinates": "I2",
      "level": 2,
      "resourceType": "Mithril",
      "resourceValue": 120
    },
    {
      "coordinates": "J2",
      "level": 2,
      "resourceType": "Mithril",
      "resourceValue": 120
    },
    {
      "coordinates": "K2",
      "level": 2,
      "resourceType": "Mithril",
      "resourceValue": 120
    },
    {
      "coordinates": "L2",
      "level": 2,
      "resourceType": "Mithril",
      "resourceValue": 120
    },
    {
      "coordinates": "M2",
      "level": 1,
      "resourceType": "Mithril",
      "resourceValue": 100
    },
    {
      "coordinates": "A3",
      "level": 1,
      "resourceType": "Mithril",
      "resourceValue": 100
    },
    {
      "coordinates": "B3",
      "level": 2,
      "resourceType": "Mithril",
      "resourceValue": 120
    },
    {
      "coordinates": "C3",
      "level": 3,
      "resourceType": "Mithril",
      "resourceValue": 140
    },
    {
      "coordinates": "D3",
      "level": 3,
      "resourceType": "Mithril",
      "resourceValue": 140
    },
    {
      "coordinates": "E3",
      "level": 3,
      "resourceType": "Mithril",
      "resourceValue": 140
    },
    {
      "coordinates": "F3",
      "level": 3,
      "resourceType": "Mithril",
      "resourceValue": 140
    },
    {
      "coordinates": "G3",
      "level": 3,
      "resourceType": "Mithril",
      "resourceValue": 140
    },
    {
      "coordinates": "H3",
      "level": 3,
      "resourceType": "Mithril",
      "resourceValue": 140
    },
    {
      "coordinates": "I3",
      "level": 3,
      "resourceType": "Mithril",
      "resourceValue": 140
    },
    {
      "coordinates": "J3",
      "level": 3,
      "resourceType": "Mithril",
      "resourceValue": 140
    },
    {
      "coordinates": "K3",
      "level": 3,
      "resourceType": "Mithril",
      "resourceValue": 140
    },
    {
      "coordinates": "L3",
      "level": 2,
      "resourceType": "Mithril",
      "resourceValue": 120
    },
    {
      "coordinates": "M3",
      "level": 1,
      "resourceType": "Mithril",
      "resourceValue": 100
    },
    {
      "coordinates": "A4",
      "level": 1,
      "resourceType": "Mithril",
      "resourceValue": 100
    },
    {
      "coordinates": "B4",
      "level": 2,
      "resourceType": "Mithril",
      "resourceValue": 120
    },
    {
      "coordinates": "C4",
      "level": 3,
      "resourceType": "Mithril",
      "resourceValue": 140
    },
    {
      "coordinates": "D4",
      "level": 4,
      "resourceType": "Mithril",
      "resourceValue": 160
    },
    {
      "coordinates": "E4",
      "level": 4,
      "resourceType": "Mithril",
      "resourceValue": 160
    },
    {
      "coordinates": "F4",
      "level": 4,
      "resourceType": "Mithril",
      "resourceValue": 160
    },
    {
      "coordinates": "G4",
      "level": 4,
      "resourceType": "Mithril",
      "resourceValue": 160
    },
    {
      "coordinates": "H4",
      "level": 4,
      "resourceType": "Mithril",
      "resourceValue": 160
    },
    {
      "coordinates": "I4",
      "level": 4,
      "resourceType": "Mithril",
      "resourceValue": 160
    },
    {
      "coordinates": "J4",
      "level": 4,
      "resourceType": "Mithril",
      "resourceValue": 160
    },
    {
      "coordinates": "K4",
      "level": 3,
      "resourceType": "Mithril",
      "resourceValue": 140
    },
    {
      "coordinates": "L4",
      "level": 2,
      "resourceType": "Mithril",
      "resourceValue": 120
    },
    {
      "coordinates": "M4",
      "level": 1,
      "resourceType": "Mithril",
      "resourceValue": 100
    },
    {
      "coordinates": "A5",
      "level": 1,
      "resourceType": "Mithril",
      "resourceValue": 100
    },
    {
      "coordinates": "B5",
      "level": 2,
      "resourceType": "Mithril",
      "resourceValue": 120
    },
    {
      "coordinates": "C5",
      "level": 3,
      "resourceType": "Mithril",
      "resourceValue": 140
    },
    {
      "coordinates": "D5",
      "level": 4,
      "resourceType": "Mithril",
      "resourceValue": 160
    },
    {
      "coordinates": "E5",
      "level": 5,
      "resourceType": "Mithril",
      "resourceValue": 180
    },
    {
      "coordinates": "F5",
      "level": 5,
      "resourceType": "Mithril",
      "resourceValue": 180
    },
    {
      "coordinates": "G5",
      "level": 5,
      "resourceType": "Mithril",
      "resourceValue": 180
    },
    {
      "coordinates": "H5",
      "level": 5,
      "resourceType": "Mithril",
      "resourceValue": 180
    },
    {
      "coordinates": "I5",
      "level": 5,
      "resourceType": "Mithril",
      "resourceValue": 180
    },
    {
      "coordinates": "J5",
      "level": 4,
      "resourceType": "Mithril",
      "resourceValue": 160
    },
    {
      "coordinates": "K5",
      "level": 3,
      "resourceType": "Mithril",
      "resourceValue": 140
    },
    {
      "coordinates": "L5",
      "level": 2,
      "resourceType": "Mithril",
      "resourceValue": 120
    },
    {
      "coordinates": "M5",
      "level": 1,
      "resourceType": "Mithril",
      "resourceValue": 100
    },
    {
      "coordinates": "A6",
      "level": 1,
      "resourceType": "Mithril",
      "resourceValue": 100
    },
    {
      "coordinates": "B6",
      "level": 2,
      "resourceType": "Mithril",
      "resourceValue": 120
    },
    {
      "coordinates": "C6",
      "level": 3,
      "resourceType": "Mithril",
      "resourceValue": 140
    },
    {
      "coordinates": "D6",
      "level": 4,
      "resourceType": "Mithril",
      "resourceValue": 160
    },
    {
      "coordinates": "E6",
      "level": 5,
      "resourceType": "Mithril",
      "resourceValue": 180
    },
    {
      "coordinates": "F6",
      "level": 6,
      "resourceType": "Mithril",
      "resourceValue": 200
    },
    {
      "coordinates": "G6",
      "level": 6,
      "resourceType": "Mithril",
      "resourceValue": 200
    },
    {
      "coordinates": "H6",
      "level": 6,
      "resourceType": "Mithril",
      "resourceValue": 200
    },
    {
      "coordinates": "I6",
      "level": 5,
      "resourceType": "Mithril",
      "resourceValue": 180
    },
    {
      "coordinates": "J6",
      "level": 4,
      "resourceType": "Mithril",
      "resourceValue": 160
    },
    {
      "coordinates": "K6",
      "level": 3,
      "resourceType": "Mithril",
      "resourceValue": 140
    },
    {
      "coordinates": "L6",
      "level": 2,
      "resourceType": "Mithril",
      "resourceValue": 120
    },
    {
      "coordinates": "M6",
      "level": 1,
      "resourceType": "Mithril",
      "resourceValue": 100
    },
    {
      "coordinates": "A7",
      "level": 1,
      "resourceType": "Mithril",
      "resourceValue": 100
    },
    {
      "coordinates": "B7",
      "level": 2,
      "resourceType": "Mithril",
      "resourceValue": 120
    },
    {
      "coordinates": "C7",
      "level": 3,
      "resourceType": "Mithril",
      "resourceValue": 140
    },
    {
      "coordinates": "D7",
      "level": 4,
      "resourceType": "Mithril",
      "resourceValue": 160
    },
    {
      "coordinates": "E7",
      "level": 5,
      "resourceType": "Mithril",
      "resourceValue": 180
    },
    {
      "coordinates": "F7",
      "level": 6,
      "resourceType": "Mithril",
      "resourceValue": 200
    },
    {
      "coordinates": "H7",
      "level": 6,
      "resourceType": "Mithril",
      "resourceValue": 200
    },
    {
      "coordinates": "I7",
      "level": 5,
      "resourceType": "Mithril",
      "resourceValue": 180
    },
    {
      "coordinates": "J7",
      "level": 4,
      "resourceType": "Mithril",
      "resourceValue": 160
    },
    {
      "coordinates": "K7",
      "level": 3,
      "resourceType": "Mithril",
      "resourceValue": 140
    },
    {
      "coordinates": "L7",
      "level": 2,
      "resourceType": "Mithril",
      "resourceValue": 120
    },
    {
      "coordinates": "M7",
      "level": 1,
      "resourceType": "Mithril",
      "resourceValue": 100
    },
    {
      "coordinates": "A8",
      "level": 1,
      "resourceType": "Mithril",
      "resourceValue": 100
    },
    {
      "coordinates": "B8",
      "level": 2,
      "resourceType": "Mithril",
      "resourceValue": 120
    },
    {
      "coordinates": "C8",
      "level": 3,
      "resourceType": "Mithril",
      "resourceValue": 140
    },
    {
      "coordinates": "D8",
      "level": 4,
      "resourceType": "Mithril",
      "resourceValue": 160
    },
    {
      "coordinates": "E8",
      "level": 5,
      "resourceType": "Mithril",
      "resourceValue": 180
    },
    {
      "coordinates": "F8",
      "level": 6,
      "resourceType": "Mithril",
      "resourceValue": 200
    },
    {
      "coordinates": "G8",
      "level": 6,
      "resourceType": "Mithril",
      "resourceValue": 200
    },
    {
      "coordinates": "H8",
      "level": 6,
      "resourceType": "Mithril",
      "resourceValue": 200
    },
    {
      "coordinates": "I8",
      "level": 5,
      "resourceType": "Mithril",
      "resourceValue": 180
    },
    {
      "coordinates": "J8",
      "level": 4,
      "resourceType": "Mithril",
      "resourceValue": 160
    },
    {
      "coordinates": "K8",
      "level": 3,
      "resourceType": "Mithril",
      "resourceValue": 140
    },
    {
      "coordinates": "L8",
      "level": 2,
      "resourceType": "Mithril",
      "resourceValue": 120
    },
    {
      "coordinates": "M8",
      "level": 1,
      "resourceType": "Mithril",
      "resourceValue": 100
    },
    {
      "coordinates": "A9",
      "level": 1,
      "resourceType": "Mithril",
      "resourceValue": 100
    },
    {
      "coordinates": "B9",
      "level": 2,
      "resourceType": "Mithril",
      "resourceValue": 120
    },
    {
      "coordinates": "C9",
      "level": 3,
      "resourceType": "Mithril",
      "resourceValue": 140
    },
    {
      "coordinates": "D9",
      "level": 4,
      "resourceType": "Mithril",
      "resourceValue": 160
    },
    {
      "coordinates": "E9",
      "level": 5,
      "resourceType": "Mithril",
      "resourceValue": 180
    },
    {
      "coordinates": "F9",
      "level": 5,
      "resourceType": "Mithril",
      "resourceValue": 180
    },
    {
      "coordinates": "G9",
      "level": 5,
      "resourceType": "Mithril",
      "resourceValue": 180
    },
    {
      "coordinates": "H9",
      "level": 5,
      "resourceType": "Mithril",
      "resourceValue": 180
    },
    {
      "coordinates": "I9",
      "level": 5,
      "resourceType": "Mithril",
      "resourceValue": 180
    },
    {
      "coordinates": "J9",
      "level": 4,
      "resourceType": "Mithril",
      "resourceValue": 160
    },
    {
      "coordinates": "K9",
      "level": 3,
      "resourceType": "Mithril",
      "resourceValue": 140
    },
    {
      "coordinates": "L9",
      "level": 2,
      "resourceType": "Mithril",
      "resourceValue": 120
    },
    {
      "coordinates": "M9",
      "level": 1,
      "resourceType": "Mithril",
      "resourceValue": 100
    },
    {
      "coordinates": "A10",
      "level": 1,
      "resourceType": "Mithril",
      "resourceValue": 100
    },
    {
      "coordinates": "B10",
      "level": 2,
      "resourceType": "Mithril",
      "resourceValue": 120
    },
    {
      "coordinates": "C10",
      "level": 3,
      "resourceType": "Mithril",
      "resourceValue": 140
    },
    {
      "coordinates": "D10",
      "level": 4,
      "resourceType": "Mithril",
      "resourceValue": 160
    },
    {
      "coordinates": "E10",
      "level": 4,
      "resourceType": "Mithril",
      "resourceValue": 160
    },
    {
      "coordinates": "F10",
      "level": 4,
      "resourceType": "Mithril",
      "resourceValue": 160
    },
    {
      "coordinates": "G10",
      "level": 4,
      "resourceType": "Mithril",
      "resourceValue": 160
    },
    {
      "coordinates": "H10",
      "level": 4,
      "resourceType": "Mithril",
      "resourceValue": 160
    },
    {
      "coordinates": "I10",
      "level": 4,
      "resourceType": "Mithril",
      "resourceValue": 160
    },
    {
      "coordinates": "J10",
      "level": 4,
      "resourceType": "Mithril",
      "resourceValue": 160
    },
    {
      "coordinates": "K10",
      "level": 3,
      "resourceType": "Mithril",
      "resourceValue": 140
    },
    {
      "coordinates": "L10",
      "level": 2,
      "resourceType": "Mithril",
      "resourceValue": 120
    },
    {
      "coordinates": "M10",
      "level": 1,
      "resourceType": "Mithril",
      "resourceValue": 100
    },
    {
      "coordinates": "A11",
      "level": 1,
      "resourceType": "Mithril",
      "resourceValue": 100
    },
    {
      "coordinates": "B11",
      "level": 2,
      "resourceType": "Mithril",
      "resourceValue": 120
    },
    {
      "coordinates": "C11",
      "level": 3,
      "resourceType": "Mithril",
      "resourceValue": 140
    },
    {
      "coordinates": "D11",
      "level": 3,
      "resourceType": "Mithril",
      "resourceValue": 140
    },
    {
      "coordinates": "E11",
      "level": 3,
      "resourceType": "Mithril",
      "resourceValue": 140
    },
    {
      "coordinates": "F11",
      "level": 3,
      "resourceType": "Mithril",
      "resourceValue": 140
    },
    {
      "coordinates": "G11",
      "level": 3,
      "resourceType": "Mithril",
      "resourceValue": 140
    },
    {
      "coordinates": "H11",
      "level": 3,
      "resourceType": "Mithril",
      "resourceValue": 140
    },
    {
      "coordinates": "I11",
      "level": 3,
      "resourceType": "Mithril",
      "resourceValue": 140
    },
    {
      "coordinates": "J11",
      "level": 3,
      "resourceType": "Mithril",
      "resourceValue": 140
    },
    {
      "coordinates": "K11",
      "level": 3,
      "resourceType": "Mithril",
      "resourceValue": 140
    },
    {
      "coordinates": "L11",
      "level": 2,
      "resourceType": "Mithril",
      "resourceValue": 120
    },
    {
      "coordinates": "M11",
      "level": 1,
      "resourceType": "Mithril",
      "resourceValue": 100
    },
    {
      "coordinates": "A12",
      "level": 1,
      "resourceType": "Mithril",
      "resourceValue": 100
    },
    {
      "coordinates": "B12",
      "level": 2,
      "resourceType": "Mithril",
      "resourceValue": 120
    },
    {
      "coordinates": "C12",
      "level": 2,
      "resourceType": "Mithril",
      "resourceValue": 120
    },
    {
      "coordinates": "D12",
      "level": 2,
      "resourceType": "Mithril",
      "resourceValue": 120
    },
    {
      "coordinates": "E12",
      "level": 2,
      "resourceType": "Mithril",
      "resourceValue": 120
    },
    {
      "coordinates": "F12",
      "level": 2,
      "resourceType": "Mithril",
      "resourceValue": 120
    },
    {
      "coordinates": "G12",
      "level": 2,
      "resourceType": "Mithril",
      "resourceValue": 120
    },
    {
      "coordinates": "H12",
      "level": 2,
      "resourceType": "Mithril",
      "resourceValue": 120
    },
    {
      "coordinates": "I12",
      "level": 2,
      "resourceType": "Mithril",
      "resourceValue": 120
    },
    {
      "coordinates": "J12",
      "level": 2,
      "resourceType": "Mithril",
      "resourceValue": 120
    },
    {
      "coordinates": "K12",
      "level": 2,
      "resourceType": "Mithril",
      "resourceValue": 120
    },
    {
      "coordinates": "L12",
      "level": 2,
      "resourceType": "Mithril",
      "resourceValue": 120
    },
    {
      "coordinates": "M12",
      "level": 1,
      "resourceType": "Mithril",
      "resourceValue": 100
    },
    {
      "coordinates": "A13",
      "level": 1,
      "resourceType": "Mithril",
      "resourceValue": 100
    },
    {
      "coordinates": "B13",
      "level": 1,
      "resourceType": "Mithril",
      "resourceValue": 100
    },
    {
      "coordinates": "C13",
      "level": 1,
      "resourceType": "Mithril",
      "resourceValue": 100
    },
    {
      "coordinates": "D13",
      "level": 1,
      "resourceType": "Mithril",
      "resourceValue": 100
    },
    {
      "coordinates": "E13",
      "level": 1,
      "resourceType": "Mithril",
      "resourceValue": 100
    },
    {
      "coordinates": "F13",
      "level": 1,
      "resourceType": "Mithril",
      "resourceValue": 100
    },
    {
      "coordinates": "G13",
      "level": 1,
      "resourceType": "Mithril",
      "resourceValue": 100
    },
    {
      "coordinates": "H13",
      "level": 1,
      "resourceType": "Mithril",
      "resourceValue": 100
    },
    {
      "coordinates": "I13",
      "level": 1,
      "resourceType": "Mithril",
      "resourceValue": 100
    },
    {
      "coordinates": "J13",
      "level": 1,
      "resourceType": "Mithril",
      "resourceValue": 100
    },
    {
      "coordinates": "K13",
      "level": 1,
      "resourceType": "Mithril",
      "resourceValue": 100
    },
    {
      "coordinates": "L13",
      "level": 1,
      "resourceType": "Mithril",
      "resourceValue": 100
    },
    {
      "coordinates": "M13",
      "level": 1,
      "resourceType": "Mithril",
      "resourceValue": 100
    }
  ],
  "cities": [
    {
      "coordinates": "B1",
      "level": 1,
      "subLabel": "Village",
      "offset": {
        "x": 0.5,
        "y": 0.5
      },
      "resourceType": "Spice",
      "resourceValue": 100
    },
    {
      "coordinates": "C1",
      "level": 1,
      "subLabel": "Village",
      "offset": {
        "x": 0.5,
        "y": 0.5
      },
      "resourceType": "Spice",
      "resourceValue": 100
    },
    {
      "coordinates": "D1",
      "level": 1,
      "subLabel": "Village",
      "offset": {
        "x": 0.5,
        "y": 0.5
      },
      "resourceType": "Spice",
      "resourceValue": 100
    },
    {
      "coordinates": "E1",
      "level": 1,
      "subLabel": "Village",
      "offset": {
        "x": 0.5,
        "y": 0.5
      },
      "resourceType": "Spice",
      "resourceValue": 100
    },
    {
      "coordinates": "F1",
      "level": 1,
      "subLabel": "Village",
      "offset": {
        "x": 0.5,
        "y": 0.5
      },
      "resourceType": "Spice",
      "resourceValue": 100
    },
    {
      "coordinates": "G1",
      "level": 1,
      "subLabel": "Village",
      "offset": {
        "x": 0.5,
        "y": 0.5
      },
      "resourceType": "Spice",
      "resourceValue": 100
    },
    {
      "coordinates": "H1",
      "level": 1,
      "subLabel": "Village",
      "offset": {
        "x": 0.5,
        "y": 0.5
      },
      "resourceType": "Spice",
      "resourceValue": 100
    },
    {
      "coordinates": "I1",
      "level": 1,
      "subLabel": "Village",
      "offset": {
        "x": 0.5,
        "y": 0.5
      },
      "resourceType": "Spice",
      "resourceValue": 100
    },
    {
      "coordinates": "J1",
      "level": 1,
      "subLabel": "Village",
      "offset": {
        "x": 0.5,
        "y": 0.5
      },
      "resourceType": "Spice",
      "resourceValue": 100
    },
    {
      "coordinates": "K1",
      "level": 1,
      "subLabel": "Village",
      "offset": {
        "x": 0.5,
        "y": 0.5
      },
      "resourceType": "Spice",
      "resourceValue": 100
    },
    {
      "coordinates": "A2",
      "level": 1,
      "subLabel": "VIllage",
      "offset": {
        "x": 0.5,
        "y": 0.5
      },
      "resourceType": "Spice",
      "resourceValue": 100
    },
    {
      "coordinates": "C2",
      "level": 2,
      "subLabel": "Altar",
      "offset": {
        "x": 0.5,
        "y": 0.5
      },
      "resourceType": "Spice",
      "resourceValue": 200
    },
    {
      "coordinates": "D2",
      "level": 2,
      "subLabel": "Altar",
      "offset": {
        "x": 0.5,
        "y": 0.5
      },
      "resourceType": "Spice",
      "resourceValue": 200
    },
    {
      "coordinates": "E2",
      "level": 2,
      "subLabel": "Altar",
      "offset": {
        "x": 0.5,
        "y": 0.5
      },
      "resourceType": "Spice",
      "resourceValue": 200
    },
    {
      "coordinates": "F2",
      "level": 2,
      "subLabel": "Altar",
      "offset": {
        "x": 0.5,
        "y": 0.5
      },
      "resourceType": "Spice",
      "resourceValue": 200
    },
    {
      "coordinates": "G2",
      "level": 2,
      "subLabel": "Altar",
      "offset": {
        "x": 0.5,
        "y": 0.5
      },
      "resourceType": "Spice",
      "resourceValue": 200
    },
    {
      "coordinates": "H2",
      "level": 2,
      "subLabel": "Altar",
      "offset": {
        "x": 0.5,
        "y": 0.5
      },
      "resourceType": "Spice",
      "resourceValue": 200
    },
    {
      "coordinates": "I2",
      "level": 2,
      "subLabel": "Altar",
      "offset": {
        "x": 0.5,
        "y": 0.5
      },
      "resourceType": "Spice",
      "resourceValue": 200
    },
    {
      "coordinates": "J2",
      "level": 2,
      "subLabel": "Altar",
      "offset": {
        "x": 0.5,
        "y": 0.5
      },
      "resourceType": "Spice",
      "resourceValue": 200
    },
    {
      "coordinates": "L2",
      "level": 1,
      "subLabel": "Village",
      "offset": {
        "x": 0.5,
        "y": 0.5
      },
      "resourceType": "Spice",
      "resourceValue": 100
    },
    {
      "coordinates": "A3",
      "level": 1,
      "subLabel": "Village",
      "offset": {
        "x": 0.5,
        "y": 0.5
      },
      "resourceType": "Spice",
      "resourceValue": 100
    },
    {
      "coordinates": "B3",
      "level": 2,
      "subLabel": "Altar",
      "offset": {
        "x": 0.5,
        "y": 0.5
      },
      "resourceType": "Spice",
      "resourceValue": 200
    },
    {
      "coordinates": "D3",
      "level": 3,
      "subLabel": "Town",
      "offset": {
        "x": 0.5,
        "y": 0.5
      },
      "resourceType": "Spice",
      "resourceValue": 300
    },
    {
      "coordinates": "E3",
      "level": 3,
      "subLabel": "Town",
      "offset": {
        "x": 0.5,
        "y": 0.5
      },
      "resourceType": "Spice",
      "resourceValue": 300
    },
    {
      "coordinates": "F3",
      "level": 3,
      "subLabel": "Town",
      "offset": {
        "x": 0.5,
        "y": 0.5
      },
      "resourceType": "Spice",
      "resourceValue": 300
    },
    {
      "coordinates": "G3",
      "level": 3,
      "subLabel": "Town",
      "offset": {
        "x": 0.5,
        "y": 0.5
      },
      "resourceType": "Spice",
      "resourceValue": 300
    },
    {
      "coordinates": "H3",
      "level": 3,
      "subLabel": "Town",
      "offset": {
        "x": 0.5,
        "y": 0.5
      },
      "resourceType": "Spice",
      "resourceValue": 300
    },
    {
      "coordinates": "I3",
      "level": 3,
      "subLabel": "Town",
      "offset": {
        "x": 0.5,
        "y": 0.5
      },
      "resourceType": "Spice",
      "resourceValue": 300
    },
    {
      "coordinates": "K3",
      "level": 2,
      "subLabel": "Altar",
      "offset": {
        "x": 0.5,
        "y": 0.5
      },
      "resourceType": "Spice",
      "resourceValue": 200
    },
    {
      "coordinates": "L3",
      "level": 1,
      "subLabel": "Vilalge",
      "offset": {
        "x": 0.5,
        "y": 0.5
      },
      "resourceType": "Spice",
      "resourceValue": 100
    },
    {
      "coordinates": "A4",
      "level": 1,
      "subLabel": "Village",
      "offset": {
        "x": 0.5,
        "y": 0.5
      },
      "resourceType": "Spice",
      "resourceValue": 100
    },
    {
      "coordinates": "B4",
      "level": 2,
      "subLabel": "Altar",
      "offset": {
        "x": 0.5,
        "y": 0.5
      },
      "resourceType": "Spice",
      "resourceValue": 200
    },
    {
      "coordinates": "C4",
      "level": 3,
      "subLabel": "Town",
      "offset": {
        "x": 0.5,
        "y": 0.5
      },
      "resourceType": "Spice",
      "resourceValue": 300
    },
    {
      "coordinates": "E4",
      "level": 4,
      "subLabel": "Temple of the Sun",
      "offset": {
        "x": 0.5,
        "y": 0.5
      },
      "resourceType": "Spice",
      "resourceValue": 400
    },
    {
      "coordinates": "F4",
      "level": 4,
      "subLabel": "Temple of the Sun",
      "offset": {
        "x": 0.5,
        "y": 0.5
      },
      "resourceType": "Spice",
      "resourceValue": 400
    },
    {
      "coordinates": "G4",
      "level": 4,
      "subLabel": "Temple of the Sun",
      "offset": {
        "x": 0.5,
        "y": 0.5
      },
      "resourceType": "Spice",
      "resourceValue": 400
    },
    {
      "coordinates": "H4",
      "level": 4,
      "subLabel": "Temple of the Sun",
      "offset": {
        "x": 0.5,
        "y": 0.5
      },
      "resourceType": "Spice",
      "resourceValue": 400
    },
    {
      "coordinates": "J4",
      "level": 3,
      "subLabel": "Town",
      "offset": {
        "x": 0.5,
        "y": 0.5
      },
      "resourceType": "Spice",
      "resourceValue": 300
    },
    {
      "coordinates": "K4",
      "level": 2,
      "subLabel": "Altar",
      "offset": {
        "x": 0.5,
        "y": 0.5
      },
      "resourceType": "Spice",
      "resourceValue": 200
    },
    {
      "coordinates": "L4",
      "level": 1,
      "subLabel": "Village",
      "offset": {
        "x": 0.5,
        "y": 0.5
      },
      "resourceType": "Spice",
      "resourceValue": 100
    },
    {
      "coordinates": "A5",
      "level": 1,
      "subLabel": "Village",
      "offset": {
        "x": 0.5,
        "y": 0.5
      },
      "resourceType": "Spice",
      "resourceValue": 100
    },
    {
      "coordinates": "B5",
      "level": 2,
      "subLabel": "Altar",
      "offset": {
        "x": 0.5,
        "y": 0.5
      },
      "resourceType": "Spice",
      "resourceValue": 200
    },
    {
      "coordinates": "C5",
      "level": 3,
      "subLabel": "Town",
      "offset": {
        "x": 0.5,
        "y": 0.5
      },
      "resourceType": "Spice",
      "resourceValue": 300
    },
    {
      "coordinates": "D5",
      "level": 4,
      "subLabel": "Temple of the Sun",
      "offset": {
        "x": 0.5,
        "y": 0.5
      },
      "resourceType": "Spice",
      "resourceValue": 400
    },
    {
      "coordinates": "F5",
      "level": 5,
      "subLabel": "Ancient Tombs",
      "offset": {
        "x": 0.5,
        "y": 0.5
      },
      "resourceType": "Spice",
      "resourceValue": 500
    },
    {
      "coordinates": "G5",
      "level": 5,
      "subLabel": "Ancient Tombs",
      "offset": {
        "x": 0.5,
        "y": 0.5
      },
      "resourceType": "Spice",
      "resourceValue": 500
    },
    {
      "coordinates": "I5",
      "level": 4,
      "subLabel": "Temple of the Sun",
      "offset": {
        "x": 0.5,
        "y": 0.5
      },
      "resourceType": "Spice",
      "resourceValue": 400
    },
    {
      "coordinates": "J5",
      "level": 3,
      "subLabel": "Town",
      "offset": {
        "x": 0.5,
        "y": 0.5
      },
      "resourceType": "Spice",
      "resourceValue": 300
    },
    {
      "coordinates": "K5",
      "level": 2,
      "subLabel": "Altar",
      "offset": {
        "x": 0.5,
        "y": 0.5
      },
      "resourceType": "Spice",
      "resourceValue": 200
    },
    {
      "coordinates": "L5",
      "level": 1,
      "subLabel": "Village",
      "offset": {
        "x": 0.5,
        "y": 0.5
      },
      "resourceType": "Spice",
      "resourceValue": 100
    },
    {
      "coordinates": "A6",
      "level": 1,
      "subLabel": "Village",
      "offset": {
        "x": 0.5,
        "y": 0.5
      },
      "resourceType": "Spice",
      "resourceValue": 100
    },
    {
      "coordinates": "B6",
      "level": 2,
      "subLabel": "Altar",
      "offset": {
        "x": 0.5,
        "y": 0.5
      },
      "resourceType": "Spice",
      "resourceValue": 200
    },
    {
      "coordinates": "C6",
      "level": 3,
      "subLabel": "Town",
      "offset": {
        "x": 0.5,
        "y": 0.5
      },
      "resourceType": "Spice",
      "resourceValue": 300
    },
    {
      "coordinates": "D6",
      "level": 4,
      "subLabel": "Temple of the Sun",
      "offset": {
        "x": 0.5,
        "y": 0.5
      },
      "resourceType": "Spice",
      "resourceValue": 400
    },
    {
      "coordinates": "E6",
      "level": 5,
      "subLabel": "Ancient Tombs",
      "offset": {
        "x": 0.5,
        "y": 0.5
      },
      "resourceType": "Spice",
      "resourceValue": 500
    },
    {
      "coordinates": "F6",
      "level": 6,
      "subLabel": "Ancient Tombs",
      "offset": {
        "x": 0.5,
        "y": 0.5
      },
      "resourceType": "Spice",
      "resourceValue": 600
    },
    {
      "coordinates": "G6",
      "level": 6,
      "subLabel": "Temple of the Sun",
      "offset": {
        "x": 0.5,
        "y": 0.5
      },
      "resourceType": "Spice",
      "resourceValue": 600
    },
    {
      "coordinates": "H6",
      "level": 3,
      "subLabel": "Town",
      "offset": {
        "x": 0.5,
        "y": 0.5
      },
      "resourceType": "Spice",
      "resourceValue": 300
    },
    {
      "coordinates": "I6",
      "level": 2,
      "subLabel": "Altar",
      "offset": {
        "x": 0.5,
        "y": 0.5
      },
      "resourceType": "Spice",
      "resourceValue": 200
    },
    {
      "coordinates": "J6",
      "level": 1,
      "subLabel": "Village",
      "offset": {
        "x": 0.5,
        "y": 0.5
      },
      "resourceType": "Spice",
      "resourceValue": 100
    },
    {
      "coordinates": "A7",
      "level": 1,
      "subLabel": "Village",
      "offset": {
        "x": 0.5,
        "y": 0.5
      },
      "resourceType": "Spice",
      "resourceValue": 100
    },
    {
      "coordinates": "B7",
      "level": 2,
      "subLabel": "Altar",
      "offset": {
        "x": 0.5,
        "y": 0.5
      },
      "resourceType": "Spice",
      "resourceValue": 200
    },
    {
      "coordinates": "C7",
      "level": 3,
      "subLabel": "Town",
      "offset": {
        "x": 0.5,
        "y": 0.5
      },
      "resourceType": "Spice",
      "resourceValue": 300
    },
    {
      "coordinates": "D7",
      "level": 4,
      "subLabel": "Temple of the Sun",
      "offset": {
        "x": 0.5,
        "y": 0.5
      },
      "resourceType": "Spice",
      "resourceValue": 400
    },
    {
      "coordinates": "E7",
      "level": 5,
      "subLabel": "Ancient Tombs",
      "offset": {
        "x": 0.5,
        "y": 0.5
      },
      "resourceType": "Spice",
      "resourceValue": 500
    },
    {
      "coordinates": "F7",
      "level": 6,
      "subLabel": "Ancient Tombs",
      "offset": {
        "x": 0.5,
        "y": 0.5
      },
      "resourceType": "Spice",
      "resourceValue": 600
    },
    {
      "coordinates": "G7",
      "level": 6,
      "subLabel": "Temple of the Sun",
      "offset": {
        "x": 0.5,
        "y": 0.5
      },
      "resourceType": "Spice",
      "resourceValue": 600
    },
    {
      "coordinates": "H7",
      "level": 3,
      "subLabel": "Town",
      "offset": {
        "x": 0.5,
        "y": 0.5
      },
      "resourceType": "Spice",
      "resourceValue": 300
    },
    {
      "coordinates": "I7",
      "level": 2,
      "subLabel": "Altar",
      "offset": {
        "x": 0.5,
        "y": 0.5
      },
      "resourceType": "Spice",
      "resourceValue": 200
    },
    {
      "coordinates": "J7",
      "level": 1,
      "subLabel": "Village",
      "offset": {
        "x": 0.5,
        "y": 0.5
      },
      "resourceType": "Spice",
      "resourceValue": 100
    },
    {
      "coordinates": "A8",
      "level": 1,
      "subLabel": "Village",
      "offset": {
        "x": 0.5,
        "y": 0.5
      },
      "resourceType": "Spice",
      "resourceValue": 100
    },
    {
      "coordinates": "B8",
      "level": 2,
      "subLabel": "Altar",
      "offset": {
        "x": 0.5,
        "y": 0.5
      },
      "resourceType": "Spice",
      "resourceValue": 200
    },
    {
      "coordinates": "C8",
      "level": 3,
      "subLabel": "Town",
      "offset": {
        "x": 0.5,
        "y": 0.5
      },
      "resourceType": "Spice",
      "resourceValue": 300
    },
    {
      "coordinates": "D8",
      "level": 4,
      "subLabel": "Temple of the Sun",
      "offset": {
        "x": 0.5,
        "y": 0.5
      },
      "resourceType": "Spice",
      "resourceValue": 400
    },
    {
      "coordinates": "F8",
      "level": 5,
      "subLabel": "Ancient Tombs",
      "offset": {
        "x": 0.5,
        "y": 0.5
      },
      "resourceType": "Spice",
      "resourceValue": 500
    },
    {
      "coordinates": "G8",
      "level": 5,
      "subLabel": "Ancient Tombs",
      "offset": {
        "x": 0.5,
        "y": 0.5
      },
      "resourceType": "Spice",
      "resourceValue": 500
    },
    {
      "coordinates": "I8",
      "level": 4,
      "subLabel": "Temple of the Sun",
      "offset": {
        "x": 0.5,
        "y": 0.5
      },
      "resourceType": "Spice",
      "resourceValue": 400
    },
    {
      "coordinates": "J8",
      "level": 3,
      "subLabel": "Town",
      "offset": {
        "x": 0.5,
        "y": 0.5
      },
      "resourceType": "Spice",
      "resourceValue": 300
    },
    {
      "coordinates": "K8",
      "level": 2,
      "subLabel": "Altar",
      "offset": {
        "x": 0.5,
        "y": 0.5
      },
      "resourceType": "Spice",
      "resourceValue": 200
    },
    {
      "coordinates": "L8",
      "level": 1,
      "subLabel": "Village",
      "offset": {
        "x": 0.5,
        "y": 0.5
      },
      "resourceType": "Spice",
      "resourceValue": 100
    },
    {
      "coordinates": "A9",
      "level": 1,
      "subLabel": "Village",
      "offset": {
        "x": 0.5,
        "y": 0.5
      },
      "resourceType": "Spice",
      "resourceValue": 100
    },
    {
      "coordinates": "B9",
      "level": 2,
      "subLabel": "Altar",
      "offset": {
        "x": 0.5,
        "y": 0.5
      },
      "resourceType": "Spice",
      "resourceValue": 200
    },
    {
      "coordinates": "C9",
      "level": 3,
      "subLabel": "Town",
      "offset": {
        "x": 0.5,
        "y": 0.5
      },
      "resourceType": "Spice",
      "resourceValue": 300
    },
    {
      "coordinates": "E9",
      "level": 4,
      "subLabel": "Temple of the Sun",
      "offset": {
        "x": 0.5,
        "y": 0.5
      },
      "resourceType": "Spice",
      "resourceValue": 400
    },
    {
      "coordinates": "F9",
      "level": 4,
      "subLabel": "Temple of the Sun",
      "offset": {
        "x": 0.5,
        "y": 0.5
      },
      "resourceType": "Spice",
      "resourceValue": 400
    },
    {
      "coordinates": "G9",
      "level": 4,
      "subLabel": "Temple of the Sun",
      "offset": {
        "x": 0.5,
        "y": 0.5
      },
      "resourceType": "Spice",
      "resourceValue": 400
    },
    {
      "coordinates": "H9",
      "level": 4,
      "subLabel": "Temple of the Sun",
      "offset": {
        "x": 0.5,
        "y": 0.5
      },
      "resourceType": "Spice",
      "resourceValue": 400
    },
    {
      "coordinates": "J9",
      "level": 3,
      "subLabel": "Town",
      "offset": {
        "x": 0.5,
        "y": 0.5
      },
      "resourceType": "Spice",
      "resourceValue": 300
    },
    {
      "coordinates": "K9",
      "level": 2,
      "subLabel": "Altar",
      "offset": {
        "x": 0.5,
        "y": 0.5
      },
      "resourceType": "Spice",
      "resourceValue": 200
    },
    {
      "coordinates": "L9",
      "level": 1,
      "subLabel": "Village",
      "offset": {
        "x": 0.5,
        "y": 0.5
      },
      "resourceType": "Spice",
      "resourceValue": 100
    },
    {
      "coordinates": "A10",
      "level": 1,
      "subLabel": "Village",
      "offset": {
        "x": 0.5,
        "y": 0.5
      },
      "resourceType": "Spice",
      "resourceValue": 100
    },
    {
      "coordinates": "B10",
      "level": 2,
      "subLabel": "Altar",
      "offset": {
        "x": 0.5,
        "y": 0.5
      },
      "resourceType": "Spice",
      "resourceValue": 200
    },
    {
      "coordinates": "D10",
      "level": 3,
      "subLabel": "Town",
      "offset": {
        "x": 0.5,
        "y": 0.5
      },
      "resourceType": "Spice",
      "resourceValue": 300
    },
    {
      "coordinates": "E10",
      "level": 3,
      "subLabel": "Town",
      "offset": {
        "x": 0.5,
        "y": 0.5
      },
      "resourceType": "Spice",
      "resourceValue": 300
    },
    {
      "coordinates": "F10",
      "level": 3,
      "subLabel": "Town",
      "offset": {
        "x": 0.5,
        "y": 0.5
      },
      "resourceType": "Spice",
      "resourceValue": 300
    },
    {
      "coordinates": "G10",
      "level": 3,
      "subLabel": "Town",
      "offset": {
        "x": 0.5,
        "y": 0.5
      },
      "resourceType": "Spice",
      "resourceValue": 300
    },
    {
      "coordinates": "H10",
      "level": 3,
      "subLabel": "Town",
      "offset": {
        "x": 0.5,
        "y": 0.5
      },
      "resourceType": "Spice",
      "resourceValue": 300
    },
    {
      "coordinates": "I10",
      "level": 3,
      "subLabel": "Town",
      "offset": {
        "x": 0.5,
        "y": 0.5
      },
      "resourceType": "Spice",
      "resourceValue": 300
    },
    {
      "coordinates": "K10",
      "level": 2,
      "subLabel": "Altar",
      "offset": {
        "x": 0.5,
        "y": 0.5
      },
      "resourceType": "Spice",
      "resourceValue": 200
    },
    {
      "coordinates": "L10",
      "level": 1,
      "subLabel": "Vilalge",
      "offset": {
        "x": 0.5,
        "y": 0.5
      },
      "resourceType": "Spice",
      "resourceValue": 100
    },
    {
      "coordinates": "A11",
      "level": 1,
      "subLabel": "VIllage",
      "offset": {
        "x": 0.5,
        "y": 0.5
      },
      "resourceType": "Spice",
      "resourceValue": 100
    },
    {
      "coordinates": "C11",
      "level": 2,
      "subLabel": "Altar",
      "offset": {
        "x": 0.5,
        "y": 0.5
      },
      "resourceType": "Spice",
      "resourceValue": 200
    },
    {
      "coordinates": "D11",
      "level": 2,
      "subLabel": "Altar",
      "offset": {
        "x": 0.5,
        "y": 0.5
      },
      "resourceType": "Spice",
      "resourceValue": 200
    },
    {
      "coordinates": "E11",
      "level": 2,
      "subLabel": "Altar",
      "offset": {
        "x": 0.5,
        "y": 0.5
      },
      "resourceType": "Spice",
      "resourceValue": 200
    },
    {
      "coordinates": "F11",
      "level": 2,
      "subLabel": "Altar",
      "offset": {
        "x": 0.5,
        "y": 0.5
      },
      "resourceType": "Spice",
      "resourceValue": 200
    },
    {
      "coordinates": "G11",
      "level": 2,
      "subLabel": "Altar",
      "offset": {
        "x": 0.5,
        "y": 0.5
      },
      "resourceType": "Spice",
      "resourceValue": 200
    },
    {
      "coordinates": "H11",
      "level": 2,
      "subLabel": "Altar",
      "offset": {
        "x": 0.5,
        "y": 0.5
      },
      "resourceType": "Spice",
      "resourceValue": 200
    },
    {
      "coordinates": "I11",
      "level": 2,
      "subLabel": "Altar",
      "offset": {
        "x": 0.5,
        "y": 0.5
      },
      "resourceType": "Spice",
      "resourceValue": 200
    },
    {
      "coordinates": "J11",
      "level": 2,
      "subLabel": "Altar",
      "offset": {
        "x": 0.5,
        "y": 0.5
      },
      "resourceType": "Spice",
      "resourceValue": 200
    },
    {
      "coordinates": "L11",
      "level": 1,
      "subLabel": "Village",
      "offset": {
        "x": 0.5,
        "y": 0.5
      },
      "resourceType": "Spice",
      "resourceValue": 100
    },
    {
      "coordinates": "B12",
      "level": 1,
      "subLabel": "Village",
      "offset": {
        "x": 0.5,
        "y": 0.5
      },
      "resourceType": "Spice",
      "resourceValue": 100
    },
    {
      "coordinates": "C12",
      "level": 1,
      "subLabel": "Village",
      "offset": {
        "x": 0.5,
        "y": 0.5
      },
      "resourceType": "Spice",
      "resourceValue": 100
    },
    {
      "coordinates": "D12",
      "level": 1,
      "subLabel": "Village",
      "offset": {
        "x": 0.5,
        "y": 0.5
      },
      "resourceType": "Spice",
      "resourceValue": 100
    },
    {
      "coordinates": "E12",
      "level": 1,
      "subLabel": "Village",
      "offset": {
        "x": 0.5,
        "y": 0.5
      },
      "resourceType": "Spice",
      "resourceValue": 100
    },
    {
      "coordinates": "F12",
      "level": 1,
      "subLabel": "Village",
      "offset": {
        "x": 0.5,
        "y": 0.5
      },
      "resourceType": "Spice",
      "resourceValue": 100
    },
    {
      "coordinates": "G12",
      "level": 1,
      "subLabel": "Village",
      "offset": {
        "x": 0.5,
        "y": 0.5
      },
      "resourceType": "Spice",
      "resourceValue": 100
    },
    {
      "coordinates": "H12",
      "level": 1,
      "subLabel": "Village",
      "offset": {
        "x": 0.5,
        "y": 0.5
      },
      "resourceType": "Spice",
      "resourceValue": 100
    },
    {
      "coordinates": "I12",
      "level": 1,
      "subLabel": "Village",
      "offset": {
        "x": 0.5,
        "y": 0.5
      },
      "resourceType": "Spice",
      "resourceValue": 100
    },
    {
      "coordinates": "J12",
      "level": 1,
      "subLabel": "Village",
      "offset": {
        "x": 0.5,
        "y": 0.5
      },
      "resourceType": "Spice",
      "resourceValue": 100
    },
    {
      "coordinates": "K12",
      "level": 1,
      "subLabel": "Village",
      "offset": {
        "x": 0.5,
        "y": 0.5
      },
      "resourceType": "Spice",
      "resourceValue": 100
    },
    {
      "coordinates": "K6",
      "level": 6,
      "subLabel": "Ancient Tombs",
      "offset": {
        "x": 0.5,
        "y": 0.5
      },
      "resourceType": "Spice",
      "resourceValue": 600
    },
    {
      "coordinates": "K7",
      "level": 6,
      "subLabel": "Ancient Tombs",
      "offset": {
        "x": 0.5,
        "y": 0.5
      },
      "resourceType": "Spice",
      "resourceValue": 600
    },
    {
      "coordinates": "L6",
      "level": 6,
      "subLabel": "Ancient Tombs",
      "offset": {
        "x": 0.5,
        "y": 0.5
      },
      "resourceType": "Spice",
      "resourceValue": 600
    },
    {
      "coordinates": "L7",
      "level": 6,
      "subLabel": "Ancient Tombs",
      "offset": {
        "x": 0.5,
        "y": 0.5
      },
      "resourceType": "Spice",
      "resourceValue": 600
    }
  ],
  "tradingPosts": [
    {
      "coordinates": "A1",
      "level": 1,
      "offset": {
        "x": 0.5,
        "y": 0.5
      }
    },
    {
      "coordinates": "L1",
      "level": 1,
      "offset": {
        "x": 0.5,
        "y": 0.5
      }
    },
    {
      "coordinates": "B2",
      "level": 2,
      "offset": {
        "x": 0.5,
        "y": 0.5
      }
    },
    {
      "coordinates": "K2",
      "level": 2,
      "offset": {
        "x": 0.5,
        "y": 0.5
      }
    },
    {
      "coordinates": "C3",
      "level": 3,
      "offset": {
        "x": 0.5,
        "y": 0.5
      }
    },
    {
      "coordinates": "J3",
      "level": 3,
      "offset": {
        "x": 0.5,
        "y": 0.5
      }
    },
    {
      "coordinates": "D4",
      "level": 4,
      "offset": {
        "x": 0.5,
        "y": 0.5
      }
    },
    {
      "coordinates": "I4",
      "level": 4,
      "offset": {
        "x": 0.5,
        "y": 0.5
      }
    },
    {
      "coordinates": "E5",
      "level": 5,
      "offset": {
        "x": 0.5,
        "y": 0.5
      }
    },
    {
      "coordinates": "H5",
      "level": 5,
      "offset": {
        "x": 0.5,
        "y": 0.5
      }
    },
    {
      "coordinates": "E8",
      "level": 5,
      "offset": {
        "x": 0.5,
        "y": 0.5
      }
    },
    {
      "coordinates": "H8",
      "level": 5,
      "offset": {
        "x": 0.5,
        "y": 0.5
      }
    },
    {
      "coordinates": "D9",
      "level": 4,
      "offset": {
        "x": 0.5,
        "y": 0.5
      }
    },
    {
      "coordinates": "I9",
      "level": 4,
      "offset": {
        "x": 0.5,
        "y": 0.5
      }
    },
    {
      "coordinates": "C10",
      "level": 3,
      "offset": {
        "x": 0.5,
        "y": 0.5
      }
    },
    {
      "coordinates": "J10",
      "level": 3,
      "offset": {
        "x": 0.5,
        "y": 0.5
      }
    },
    {
      "coordinates": "B11",
      "level": 2,
      "offset": {
        "x": 0.5,
        "y": 0.5
      }
    },
    {
      "coordinates": "K11",
      "level": 2,
      "offset": {
        "x": 0.5,
        "y": 0.5
      }
    },
    {
      "coordinates": "A12",
      "level": 1,
      "offset": {
        "x": 0.5,
        "y": 0.5
      }
    },
    {
      "coordinates": "L12",
      "level": 1,
      "offset": {
        "x": 0.5,
        "y": 0.5
      }
    }
  ],
  "calendar": {
    "steps": 7,
    "cityUnlocks": {
      "1": [
        "B1",
        "C1",
        "D1",
        "E1",
        "F1",
        "G1",
        "H1",
        "I1",
        "J1",
        "K1",
        "A2",
        "L2",
        "A3",
        "L3",
        "A4",
        "L4",
        "A5",
        "L5",
        "A6",
        "J6",
        "A7",
        "J7",
        "A8",
        "L8",
        "A9",
        "L9",
        "A10",
        "L10",
        "A11",
        "L11",
        "B12",
        "C12",
        "D12",
        "E12",
        "F12",
        "G12",
        "H12",
        "I12",
        "J12",
        "K12"
      ],
      "2": [
        "C2",
        "D2",
        "E2",
        "F2",
        "G2",
        "H2",
        "I2",
        "J2",
        "B3",
        "K3",
        "B4",
        "K4",
        "B5",
        "K5",
        "B6",
        "I6",
        "B7",
        "I7",
        "B8",
        "K8",
        "B9",
        "K9",
        "B10",
        "K10",
        "C11",
        "D11",
        "E11",
        "F11",
        "G11",
        "H11",
        "I11",
        "J11"
      ],
      "3": [
        "D3",
        "E3",
        "F3",
        "G3",
        "H3",
        "I3",
        "C4",
        "J4",
        "C5",
        "J5",
        "C6",
        "H6",
        "C7",
        "H7",
        "C8",
        "J8",
        "C9",
        "J9",
        "D10",
        "E10",
        "F10",
        "G10",
        "H10",
        "I10"
      ],
      "4": [
        "E4",
        "F4",
        "G4",
        "H4",
        "D5",
        "I5",
        "D6",
        "D7",
        "D8",
        "I8",
        "E9",
        "F9",
        "G9",
        "H9"
      ],
      "5": [
        "F5",
        "G5",
        "E6",
        "E7",
        "F8",
        "G8"
      ],
      "6": [
        "F6",
        "G6",
        "F7",
        "G7",
        "K6",
        "K7",
        "L6",
        "L7"
      ],
      "7": [
        "G7"
      ]
    },
    "stepDays": [
      3,
      6,
      10,
      13,
      17,
      20,
      28
    ]
  }
}